{
  "RNN": {
    "model_name": "RNN",
    "accuracy": 0.24576079583992766,
    "precision_macro": 0.12985103834009756,
    "recall_macro": 0.13393705852278895,
    "f1_macro": 0.1149503032174399,
    "precision_weighted": 0.21018696937675324,
    "recall_weighted": 0.24576079583992771,
    "f1_weighted": 0.20316729322303673,
    "confusion_matrix": [
      [
        1842,
        112,
        152,
        238,
        64,
        225,
        143,
        341
      ],
      [
        1042,
        72,
        101,
        147,
        41,
        130,
        112,
        201
      ],
      [
        662,
        52,
        51,
        89,
        28,
        53,
        53,
        135
      ],
      [
        490,
        25,
        50,
        75,
        14,
        58,
        40,
        95
      ],
      [
        353,
        27,
        27,
        35,
        11,
        32,
        36,
        65
      ],
      [
        308,
        27,
        33,
        51,
        25,
        60,
        41,
        91
      ],
      [
        225,
        18,
        22,
        23,
        10,
        23,
        26,
        61
      ],
      [
        155,
        19,
        12,
        12,
        9,
        20,
        19,
        37
      ]
    ],
    "training_time_seconds": 41.64,
    "best_val_accuracy": 0.24576079583992766,
    "epochs": 30
  },
  "LSTM": {
    "model_name": "LSTM",
    "accuracy": 0.19884693646846033,
    "precision_macro": 0.13093212903051504,
    "recall_macro": 0.1365594564740844,
    "f1_macro": 0.12349729843343277,
    "precision_weighted": 0.21269356056246347,
    "recall_weighted": 0.19884693646846033,
    "f1_weighted": 0.19817275010465582,
    "confusion_matrix": [
      [
        1228,
        305,
        151,
        363,
        122,
        296,
        302,
        350
      ],
      [
        689,
        195,
        91,
        202,
        83,
        166,
        199,
        221
      ],
      [
        437,
        133,
        44,
        135,
        45,
        115,
        87,
        127
      ],
      [
        322,
        88,
        44,
        83,
        30,
        93,
        85,
        102
      ],
      [
        216,
        74,
        39,
        57,
        32,
        54,
        58,
        56
      ],
      [
        183,
        66,
        29,
        77,
        26,
        89,
        83,
        83
      ],
      [
        135,
        38,
        22,
        36,
        16,
        47,
        46,
        68
      ],
      [
        91,
        25,
        13,
        34,
        12,
        32,
        34,
        42
      ]
    ],
    "training_time_seconds": 71.64,
    "best_val_accuracy": 0.19884693646846033,
    "epochs": 30
  },
  "BiLSTM": {
    "model_name": "BiLSTM",
    "accuracy": 0.19251639158941894,
    "precision_macro": 0.13003145195375335,
    "recall_macro": 0.13284484173512212,
    "f1_macro": 0.11917609033114468,
    "precision_weighted": 0.2143384908947154,
    "recall_weighted": 0.19251639158941894,
    "f1_weighted": 0.19351563176167644,
    "confusion_matrix": [
      [
        1218,
        229,
        236,
        161,
        163,
        382,
        299,
        429
      ],
      [
        666,
        130,
        183,
        94,
        87,
        213,
        222,
        251
      ],
      [
        417,
        89,
        99,
        69,
        67,
        120,
        111,
        151
      ],
      [
        321,
        61,
        75,
        47,
        46,
        86,
        101,
        110
      ],
      [
        221,
        53,
        55,
        29,
        34,
        71,
        63,
        60
      ],
      [
        181,
        36,
        46,
        44,
        45,
        86,
        96,
        102
      ],
      [
        121,
        35,
        27,
        22,
        24,
        58,
        46,
        75
      ],
      [
        89,
        17,
        29,
        18,
        19,
        35,
        33,
        43
      ]
    ],
    "training_time_seconds": 117.3,
    "best_val_accuracy": 0.19251639158941894,
    "epochs": 30
  }
}